{
  "events": 962.0,
  "sessions": 15.0,
  "days_active": 14.0,
  "tenure_days": 68.0,
  "recency_days": 0.0,
  "songs_played": 798.0,
  "unique_songs": 751.0,
  "unique_artists": 648.0,
  "total_song_length": 197272.35005,
  "avg_song_len": 247.2084587092732,
  "status_200": 873.0,
  "status_307": 87.0,
  "status_404": 2.0,
  "error_events": 89.0,
  "error_rate": 0.0925155925155925,
  "gender_usage_f_ratio": 0.0,
  "gender_usage_m_ratio": 1.0,
  "level_free": 0.0,
  "level_paid": 962.0,
  "paid_ratio": 1.0,
  "os_usage_ios_ratio": 0.0,
  "os_usage_linux_ratio": 0.0,
  "os_usage_mac_ratio": 0.0,
  "os_usage_windows_ratio": 1.0,
  "nextsong_success_ratio": 0.8295218295218295,
  "home_success_ratio": 0.027027027027027,
  "downgrade_success_ratio": 0.0145530145530145,
  "logout_failed_ratio": 0.0124740124740124,
  "settings_success_ratio": 0.0062370062370062,
  "add_friend_failed_ratio": 0.0083160083160083,
  "thumbs_up_failed_ratio": 0.0415800415800415,
  "add_to_playlist_success_ratio": 0.0239085239085239,
  "thumbs_down_failed_ratio": 0.028066528066528,
  "help_success_ratio": 0.0041580041580041,
  "error_failed_ratio": 0.002079002079002,
  "cancel_failed_ratio": 0.0,
  "cancellation_confirmation_success_ratio": 0.0,
  "about_success_ratio": 0.001039501039501,
  "roll_advert_success_ratio": 0.001039501039501,
  "save_settings_failed_ratio": 0.0,
  "upgrade_success_ratio": 0.0,
  "submit_upgrade_failed_ratio": 0.0,
  "submit_downgrade_failed_ratio": 0.0
}
