{
  "events": 186.0,
  "sessions": 4.0,
  "days_active": 3.0,
  "tenure_days": 4.0,
  "recency_days": 57.0,
  "songs_played": 132.0,
  "unique_songs": 132.0,
  "unique_artists": 132.0,
  "total_song_length": 31364.22425,
  "avg_song_len": 237.60775946969696,
  "status_200": 174.0,
  "status_307": 12.0,
  "status_404": 0.0,
  "error_events": 12.0,
  "error_rate": 0.064516129032258,
  "gender_usage_f_ratio": 0.0,
  "gender_usage_m_ratio": 1.0,
  "level_free": 186.0,
  "level_paid": 0.0,
  "paid_ratio": 0.0,
  "os_usage_ios_ratio": 0.0,
  "os_usage_linux_ratio": 0.0,
  "os_usage_mac_ratio": 1.0,
  "os_usage_windows_ratio": 0.0,
  "nextsong_success_ratio": 0.7096774193548387,
  "home_success_ratio": 0.0483870967741935,
  "downgrade_success_ratio": 0.0,
  "logout_failed_ratio": 0.021505376344086,
  "settings_success_ratio": 0.010752688172043,
  "add_friend_failed_ratio": 0.010752688172043,
  "thumbs_up_failed_ratio": 0.021505376344086,
  "add_to_playlist_success_ratio": 0.0053763440860215,
  "thumbs_down_failed_ratio": 0.0,
  "help_success_ratio": 0.0,
  "error_failed_ratio": 0.0,
  "cancel_failed_ratio": 0.0053763440860215,
  "cancellation_confirmation_success_ratio": 0.0053763440860215,
  "about_success_ratio": 0.0,
  "roll_advert_success_ratio": 0.1451612903225806,
  "save_settings_failed_ratio": 0.0053763440860215,
  "upgrade_success_ratio": 0.010752688172043,
  "submit_upgrade_failed_ratio": 0.0,
  "submit_downgrade_failed_ratio": 0.0
}
