{
  "events": 2201.0,
  "sessions": 25.0,
  "days_active": 29.0,
  "tenure_days": 65.0,
  "recency_days": 0.0,
  "songs_played": 1833.0,
  "unique_songs": 1633.0,
  "unique_artists": 1237.0,
  "total_song_length": 454763.08065,
  "avg_song_len": 248.09769811783963,
  "status_200": 2063.0,
  "status_307": 135.0,
  "status_404": 3.0,
  "error_events": 138.0,
  "error_rate": 0.0626987732848705,
  "gender_usage_f_ratio": 1.0,
  "gender_usage_m_ratio": 0.0,
  "level_free": 264.0,
  "level_paid": 1937.0,
  "paid_ratio": 0.8800545206724216,
  "os_usage_ios_ratio": 0.0,
  "os_usage_linux_ratio": 0.0,
  "os_usage_mac_ratio": 1.0,
  "os_usage_windows_ratio": 0.0,
  "nextsong_success_ratio": 0.8328032712403453,
  "home_success_ratio": 0.0372557928214448,
  "downgrade_success_ratio": 0.0122671512948659,
  "logout_failed_ratio": 0.0109041344843253,
  "settings_success_ratio": 0.0036347114947751,
  "add_friend_failed_ratio": 0.0090867787369377,
  "thumbs_up_failed_ratio": 0.0304407087687414,
  "add_to_playlist_success_ratio": 0.0231712857791912,
  "thumbs_down_failed_ratio": 0.0081781008632439,
  "help_success_ratio": 0.0045433893684688,
  "error_failed_ratio": 0.0013630168105406,
  "cancel_failed_ratio": 0.0,
  "cancellation_confirmation_success_ratio": 0.0,
  "about_success_ratio": 0.0022716946842344,
  "roll_advert_success_ratio": 0.019990913221263,
  "save_settings_failed_ratio": 0.0004543389368468,
  "upgrade_success_ratio": 0.0013630168105406,
  "submit_upgrade_failed_ratio": 0.0013630168105406,
  "submit_downgrade_failed_ratio": 0.0009086778736937
}
