{
  "events": 3511.0,
  "sessions": 34.0,
  "days_active": 32.0,
  "tenure_days": 89.0,
  "recency_days": 0.0,
  "songs_played": 2900.0,
  "unique_songs": 2450.0,
  "unique_artists": 1732.0,
  "total_song_length": 711171.23061,
  "avg_song_len": 245.23145883103447,
  "status_200": 3205.0,
  "status_307": 302.0,
  "status_404": 4.0,
  "error_events": 306.0,
  "error_rate": 0.0871546567929364,
  "gender_usage_f_ratio": 1.0,
  "gender_usage_m_ratio": 0.0,
  "level_free": 626.0,
  "level_paid": 2885.0,
  "paid_ratio": 0.8217032184562802,
  "os_usage_ios_ratio": 0.0,
  "os_usage_linux_ratio": 0.0,
  "os_usage_mac_ratio": 0.0,
  "os_usage_windows_ratio": 1.0,
  "nextsong_success_ratio": 0.8259755055539733,
  "home_success_ratio": 0.0350327542010823,
  "downgrade_success_ratio": 0.0076901167758473,
  "logout_failed_ratio": 0.0074052976360011,
  "settings_success_ratio": 0.0054115636570777,
  "add_friend_failed_ratio": 0.02022215892908,
  "thumbs_up_failed_ratio": 0.0458558815152378,
  "add_to_playlist_success_ratio": 0.0207917972087724,
  "thumbs_down_failed_ratio": 0.0102534890344631,
  "help_success_ratio": 0.0045571062375391,
  "error_failed_ratio": 0.0011392765593847,
  "cancel_failed_ratio": 0.0,
  "cancellation_confirmation_success_ratio": 0.0,
  "about_success_ratio": 0.0022785531187695,
  "roll_advert_success_ratio": 0.0085445741953859,
  "save_settings_failed_ratio": 0.0017089148390771,
  "upgrade_success_ratio": 0.0025633722586157,
  "submit_upgrade_failed_ratio": 0.0002848191398461,
  "submit_downgrade_failed_ratio": 0.0002848191398461
}
